date,timestamp,usd,gold18,coin,ounce,silver_ounce,silver_price
2026-09-17,2026-09-17 00:30:48,2305000.0,235013000.0,2340100000.0,4257.83,62.884,4898800.0
2026-09-18,2026-09-18 21:31:10,2279000.0,233630000.0,2319850000.0,4370.06,66.449,5054000.0
2026-09-19,2026-09-19 21:11:06,2302750.0,238781000.0,2374800000.0,4383.45,66.236,5109700.0
2026-09-20,2026-09-20 21:22:28,2307200.0,241237000.0,2390050000.0,4383.45,66.236,5079800.0
2026-09-21,2026-09-21 23:20:15,2308000.0,237072000.0,2339800000.0,4345.08,65.857,5112300.0
2026-09-22,2026-09-22 21:57:23,2332000.0,239390000.0,2374900000.0,4336.46,66.008,5087500.0
2026-09-23,2026-09-23 22:16:45,2317050.0,237659000.0,2364800000.0,4283.05,64.481,5012400.0
2026-09-24,2026-09-24 22:17:14,2346150.0,241246000.0,2400100000.0,4267.73,63.633,5040300.0
2026-09-25,2026-09-25 22:35:04,2346150.0,241246000.0,2400100000.0,4292.02,64.352,5093500.0
2026-09-26,2026-09-26 21:43:26,2333050.0,238298000.0,2384900000.0,4285.0,64.259,5057800.0
2026-09-27,2026-09-27 22:20:53,2350000.0,239016000.0,2405050000.0,4285.0,64.259,5086600.0
2026-09-29,2026-09-29 00:31:03,2448000.0,244012000.0,2469850000.0,4134.99,61.09,5039100.0
2026-09-30,2026-09-30 23:16:17,2547000.0,253580000.0,2590050000.0,4154.07,60.136,5228200.0
2026-10-01,2026-10-01 23:33:37,2584650.0,256944000.0,2603950000.0,4172.55,60.7,5267000.0
2026-10-02,2026-10-02 23:12:58,2584650.0,256944000.0,2603950000.0,4137.99,60.314,5228200.0
2026-10-03,2026-10-03 21:59:33,2679000.0,262253000.0,2698700000.0,4140.19,60.365,5527800.0
2026-10-04,2026-10-04 22:00:05,2683000.0,263278000.0,2710750000.0,4140.19,60.365,5497200.0
